ner_prec_micro;ner_rec_micro;ner_f1_micro;ner_prec_macro;ner_rec_macro;ner_f1_macro;loc_prec_micro;loc_rec_micro;loc_f1_micro;loc_prec_macro;loc_rec_macro;loc_f1_macro;cls_prec_micro;cls_rec_micro;cls_f1_micro;cls_prec_macro;cls_rec_macro;cls_f1_macro;epoch;iteration;global_iteration
63.17365269461078;67.19745222929936;65.12345679012346;65.71187972221702;64.18008273223633;64.14973069795406;65.5688622754491;69.7452229299363;67.59259259259261;65.5688622754491;69.7452229299363;67.59259259259261;96.34703196347031;67.19745222929936;79.17448405253283;97.1387987012987;64.18008273223633;75.37441285693501;0;0;0
