{"best_model": "checkpoint-10000", "r": 0.4339622641509434, "p": 0.35797665369649806, "f1": 0.3923240938166312}