{"dev_best_f1": 0.619718309859155, "f1_": 0.6569343065693432, "f1_with_ner_": 0.6423357664233578, "ner_f1_": 0.945859872611465}