{"best_model": "checkpoint-5000", "r": 0.2830188679245283, "p": 0.32967032967032966, "f1": 0.3045685279187817}