{"dev_best_f1": 0.8922305764411028, "f1_": 0.7838214783821478, "f1_with_ner_": 0.7782426778242677, "ner_f1_": 0.9791666666666666}