{"best_model": "checkpoint-final", "r": 0.29577464788732394, "p": 0.3387096774193548, "f1": 0.3157894736842105}