ner_prec_micro;ner_rec_micro;ner_f1_micro;ner_prec_macro;ner_rec_macro;ner_f1_macro;loc_prec_micro;loc_rec_micro;loc_f1_micro;loc_prec_macro;loc_rec_macro;loc_f1_macro;cls_prec_micro;cls_rec_micro;cls_f1_micro;cls_prec_macro;cls_rec_macro;cls_f1_macro;epoch;iteration;global_iteration
69.57746478873239;64.32291666666666;66.8470906630582;75.96506941334528;46.01721218131521;52.21590083337644;70.98591549295776;65.625;68.2002706359946;70.98591549295776;65.625;68.2002706359946;98.01587301587301;64.32291666666666;77.67295597484276;98.96699420508945;46.01721218131521;59.176936694784885;0;0;0
