ner_prec_micro;ner_rec_micro;ner_f1_micro;ner_prec_macro;ner_rec_macro;ner_f1_macro;loc_prec_micro;loc_rec_micro;loc_f1_micro;loc_prec_macro;loc_rec_macro;loc_f1_macro;cls_prec_micro;cls_rec_micro;cls_f1_micro;cls_prec_macro;cls_rec_macro;cls_f1_macro;epoch;iteration;global_iteration
67.9144385026738;72.98850574712644;70.36011080332409;56.420572101398214;59.28127074122822;57.288315092400374;67.9144385026738;72.98850574712644;70.36011080332409;67.9144385026738;72.98850574712644;70.36011080332409;100.0;72.98850574712644;84.38538205980066;100.0;59.28127074122822;70.58679351536493;0;0;0
