{"dev_best_f1": 0.6941498460485802, "f1_": 0.6531986531986531, "f1_with_ner_": 0.6531986531986531, "ner_f1_": 0.9304347826086956}