ner_prec_micro;ner_rec_micro;ner_f1_micro;ner_prec_macro;ner_rec_macro;ner_f1_macro;loc_prec_micro;loc_rec_micro;loc_f1_micro;loc_prec_macro;loc_rec_macro;loc_f1_macro;cls_prec_micro;cls_rec_micro;cls_f1_micro;cls_prec_macro;cls_rec_macro;cls_f1_macro;epoch;iteration;global_iteration
68.1704260651629;70.83333333333334;69.47637292464877;61.986804216256964;52.99849164962428;54.88369858029253;69.42355889724311;72.13541666666666;70.75351213282246;69.42355889724311;72.13541666666666;70.75351213282246;98.19494584837545;70.83333333333334;82.29954614220878;99.18831168831169;52.99849164962428;65.0648484234203;0;0;0
