ner_prec_micro;ner_rec_micro;ner_f1_micro;ner_prec_macro;ner_rec_macro;ner_f1_macro;loc_prec_micro;loc_rec_micro;loc_f1_micro;loc_prec_macro;loc_rec_macro;loc_f1_macro;cls_prec_micro;cls_rec_micro;cls_f1_micro;cls_prec_macro;cls_rec_macro;cls_f1_macro;epoch;iteration;global_iteration
79.8469387755102;81.51041666666666;80.67010309278349;77.13595783764762;74.31940839576937;72.13589132396383;80.35714285714286;82.03125;81.18556701030928;80.35714285714286;82.03125;81.18556701030928;99.36507936507937;81.51041666666666;89.55650929899858;99.65986394557824;74.31940839576937;83.605245993622;0;0;0
