{"dev_best_f1": 0.6549222797927461, "f1_": 0.6291079812206573, "f1_with_ner_": 0.6197183098591549, "ner_f1_": 0.9765625}