{"dev_best_f1": 0.8792569659442724, "f1_": 0.8204283360790774, "f1_with_ner_": 0.8204283360790774, "ner_f1_": 0.9745222929936306}