{"best_model": "checkpoint-7500", "r": 0.13636363636363635, "p": 0.3620689655172414, "f1": 0.1981132075471698}