ner_prec_micro;ner_rec_micro;ner_f1_micro;ner_prec_macro;ner_rec_macro;ner_f1_macro;loc_prec_micro;loc_rec_micro;loc_f1_micro;loc_prec_macro;loc_rec_macro;loc_f1_macro;cls_prec_micro;cls_rec_micro;cls_f1_micro;cls_prec_macro;cls_rec_macro;cls_f1_macro;epoch;iteration;global_iteration
64.12698412698413;64.3312101910828;64.22893481717011;76.56088386245206;58.566004235438584;60.930943784654566;67.61904761904762;67.83439490445859;67.72655007949126;67.61904761904762;67.83439490445859;67.72655007949126;94.83568075117371;64.3312101910828;76.66034155597723;97.44671201814059;58.566004235438584;68.71932101648696;0;0;0
