{"best_model": "checkpoint-final", "r": 0.17370892018779344, "p": 0.3333333333333333, "f1": 0.22839506172839508}