{"best_model": "checkpoint-2000", "r": 0.4835680751173709, "p": 0.37454545454545457, "f1": 0.42213114754098363}