{"dev_best_f1": 0.7150726550152675, "f1_": 0.6692913385826771, "f1_with_ner_": 0.6614173228346457, "ner_f1_": 0.8525179856115108}