{"best_model": "checkpoint-200", "r": 0.525974025974026, "p": 0.421875, "f1": 0.4682080924855492}