ner_prec_micro;ner_rec_micro;ner_f1_micro;ner_prec_macro;ner_rec_macro;ner_f1_macro;loc_prec_micro;loc_rec_micro;loc_f1_micro;loc_prec_macro;loc_rec_macro;loc_f1_macro;cls_prec_micro;cls_rec_micro;cls_f1_micro;cls_prec_macro;cls_rec_macro;cls_f1_macro;epoch;iteration;global_iteration
71.42857142857143;68.11594202898551;69.73293768545994;67.14874995381564;60.1183521640605;62.58517405036973;75.37993920972644;71.8840579710145;73.59050445103858;75.37993920972644;71.8840579710145;73.59050445103858;94.75806451612904;68.11594202898551;79.25801011804384;97.46031746031747;60.1183521640605;70.45799592688286;0;0;0
