{"dev_best_f1": 0.7191146881287726, "f1_": 0.7348242811501599, "f1_with_ner_": 0.7284345047923322, "ner_f1_": 0.9597701149425287}