ner_prec_micro;ner_rec_micro;ner_f1_micro;ner_prec_macro;ner_rec_macro;ner_f1_macro;loc_prec_micro;loc_rec_micro;loc_f1_micro;loc_prec_macro;loc_rec_macro;loc_f1_macro;cls_prec_micro;cls_rec_micro;cls_f1_micro;cls_prec_macro;cls_rec_macro;cls_f1_macro;epoch;iteration;global_iteration
71.51335311572701;69.85507246376812;70.67448680351906;74.37400821257067;68.52782175681007;69.18446414006442;73.59050445103857;71.8840579710145;72.72727272727273;73.59050445103857;71.8840579710145;72.72727272727273;97.17741935483872;69.85507246376812;81.28161888701517;97.42994776962168;68.52782175681007;78.97245235174559;0;0;0
