{"best_model": "checkpoint-7500", "r": 0.2792207792207792, "p": 0.2792207792207792, "f1": 0.2792207792207792}