{"dev_best_f1": 0.7282305546947629, "f1_": 0.6741573033707865, "f1_with_ner_": 0.6516853932584269, "ner_f1_": 0.81294964028777}