{"best_model": "checkpoint-7500", "r": 0.08482142857142858, "p": 0.19791666666666666, "f1": 0.11875}