{"dev_best_f1": 0, "f1_": 0.654434250764526, "f1_with_ner_": 0.6483180428134557, "ner_f1_": 0.9661458333333334}