{"dev_best_f1": 0.6789762340036563, "f1_": 0.6100217864923747, "f1_with_ner_": 0.6013071895424837, "ner_f1_": 0.8848920863309353}