{"best_model": "checkpoint-final", "r": 0.24882629107981222, "p": 0.3271604938271605, "f1": 0.2826666666666667}