ner_prec_micro;ner_rec_micro;ner_f1_micro;ner_prec_macro;ner_rec_macro;ner_f1_macro;loc_prec_micro;loc_rec_micro;loc_f1_micro;loc_prec_macro;loc_rec_macro;loc_f1_macro;cls_prec_micro;cls_rec_micro;cls_f1_micro;cls_prec_macro;cls_rec_macro;cls_f1_macro;epoch;iteration;global_iteration
69.31407942238266;69.06474820143885;69.1891891891892;57.75271512113618;50.877293118641354;52.21344350034979;71.84115523465704;71.58273381294964;71.7117117117117;71.84115523465704;71.58273381294964;71.7117117117117;96.4824120603015;69.06474820143885;80.50314465408806;93.79251700680271;50.877293118641354;62.53402616844169;0;0;0
