{"best_model": "checkpoint-7500", "r": 0.3080357142857143, "p": 0.3039647577092511, "f1": 0.30598669623059865}