{"dev_best_f1": 0, "f1_": 0.6722689075630252, "f1_with_ner_": 0.6554621848739495, "ner_f1_": 0.9425287356321839}