ner_prec_micro;ner_rec_micro;ner_f1_micro;ner_prec_macro;ner_rec_macro;ner_f1_macro;loc_prec_micro;loc_rec_micro;loc_f1_micro;loc_prec_macro;loc_rec_macro;loc_f1_macro;cls_prec_micro;cls_rec_micro;cls_f1_micro;cls_prec_macro;cls_rec_macro;cls_f1_macro;epoch;iteration;global_iteration
81.25;86.66666666666667;83.87096774193549;79.74676163473846;86.04281170908133;80.69168341279233;82.06521739130434;87.53623188405797;84.7124824684432;82.06521739130434;87.53623188405797;84.7124824684432;99.00662251655629;86.66666666666667;92.42658423493046;99.50035391597618;86.04281170908133;92.06465501867636;0;0;0
