{"best_model": "checkpoint-3700", "r": 0.65625, "p": 0.19090909090909092, "f1": 0.295774647887324}