{"best_model": "checkpoint-final", "r": 0.20089285714285715, "p": 0.4787234042553192, "f1": 0.2830188679245283}