ner_prec_micro;ner_rec_micro;ner_f1_micro;ner_prec_macro;ner_rec_macro;ner_f1_macro;loc_prec_micro;loc_rec_micro;loc_f1_micro;loc_prec_macro;loc_rec_macro;loc_f1_macro;cls_prec_micro;cls_rec_micro;cls_f1_micro;cls_prec_macro;cls_rec_macro;cls_f1_macro;epoch;iteration;global_iteration
70.05208333333334;70.05208333333334;70.05208333333334;56.2085303329543;55.840015373738424;55.33982911338212;71.61458333333334;71.61458333333334;71.61458333333334;71.61458333333334;71.61458333333334;71.61458333333334;97.81818181818181;70.05208333333334;81.63884673748105;98.92835537118658;55.840015373738424;69.37300386586259;0;0;0
