{"dev_best_f1": 0.6867469879518072, "f1_": 0.7149917627677099, "f1_with_ner_": 0.6952224052718287, "ner_f1_": 0.9454022988505747}