{"best_model": "checkpoint-7500", "r": 0.2948207171314741, "p": 0.3557692307692308, "f1": 0.3224400871459695}