{"dev_best_f1": 0.6443614130434783, "f1_": 0.5701149425287356, "f1_with_ner_": 0.5609195402298851, "ner_f1_": 0.9100719424460432}