{"dev_best_f1": 0.6587030716723551, "f1_": 0.7152317880794702, "f1_with_ner_": 0.7019867549668873, "ner_f1_": 0.9511494252873564}