{"dev_best_f1": 0.7152746449294526, "f1_": 0.7062228654124458, "f1_with_ner_": 0.7004341534008683, "ner_f1_": 0.9661458333333334}