{"best_model": "checkpoint-10000", "r": 0.33035714285714285, "p": 0.46540880503144655, "f1": 0.38642297650130547}