{"best_model": "checkpoint-100", "r": 0.4581673306772908, "p": 0.2784503631961259, "f1": 0.3463855421686747}