{"best_model": "checkpoint-final", "r": 0.08018867924528301, "p": 0.26153846153846155, "f1": 0.12274368231046931}