ner_prec_micro;ner_rec_micro;ner_f1_micro;ner_prec_macro;ner_rec_macro;ner_f1_macro;loc_prec_micro;loc_rec_micro;loc_f1_micro;loc_prec_macro;loc_rec_macro;loc_f1_macro;cls_prec_micro;cls_rec_micro;cls_f1_micro;cls_prec_macro;cls_rec_macro;cls_f1_macro;epoch;iteration;global_iteration
64.57142857142857;71.97452229299363;68.07228915662651;56.59791936173472;65.00395689735151;57.42313674267203;66.57142857142857;74.20382165605095;70.18072289156626;66.57142857142857;74.20382165605095;70.18072289156626;96.99570815450643;71.97452229299363;82.6325411334552;98.57142857142858;65.00395689735151;75.3180776393067;0;0;0
