ner_prec_micro;ner_rec_micro;ner_f1_micro;ner_prec_macro;ner_rec_macro;ner_f1_macro;loc_prec_micro;loc_rec_micro;loc_f1_micro;loc_prec_macro;loc_rec_macro;loc_f1_macro;cls_prec_micro;cls_rec_micro;cls_f1_micro;cls_prec_macro;cls_rec_macro;cls_f1_macro;epoch;iteration;global_iteration
69.11392405063292;71.09375;70.08985879332478;70.29713157059582;51.793836902349874;55.990924944851336;70.12658227848101;72.13541666666666;71.11681643132219;70.12658227848101;72.13541666666666;71.11681643132219;98.55595667870037;71.09375;82.60211800302571;99.37888198757764;51.793836902349874;65.25109756380988;0;0;0
