ner_prec_micro;ner_rec_micro;ner_f1_micro;ner_prec_macro;ner_rec_macro;ner_f1_macro;loc_prec_micro;loc_rec_micro;loc_f1_micro;loc_prec_macro;loc_rec_macro;loc_f1_macro;cls_prec_micro;cls_rec_micro;cls_f1_micro;cls_prec_macro;cls_rec_macro;cls_f1_macro;epoch;iteration;global_iteration
81.84931506849315;85.97122302158273;83.85964912280703;77.99450549450549;63.35080948184769;64.77411227936004;82.1917808219178;86.33093525179856;84.21052631578948;82.1917808219178;86.33093525179856;84.21052631578948;99.58333333333333;85.97122302158273;92.27799227799228;99.73544973544973;63.35080948184769;71.5457722810664;0;0;0
