ner_prec_micro;ner_rec_micro;ner_f1_micro;ner_prec_macro;ner_rec_macro;ner_f1_macro;loc_prec_micro;loc_rec_micro;loc_f1_micro;loc_prec_macro;loc_rec_macro;loc_f1_macro;cls_prec_micro;cls_rec_micro;cls_f1_micro;cls_prec_macro;cls_rec_macro;cls_f1_macro;epoch;iteration;global_iteration
68.19484240687679;68.98550724637681;68.58789625360231;57.374383971544574;67.21891452964185;58.83031827072649;72.49283667621776;73.33333333333333;72.91066282420748;72.49283667621776;73.33333333333333;72.91066282420748;94.0711462450593;68.98550724637681;79.59866220735786;93.72586872586872;67.21891452964185;77.09521527109612;0;0;0
