ner_prec_micro;ner_rec_micro;ner_f1_micro;ner_prec_macro;ner_rec_macro;ner_f1_macro;loc_prec_micro;loc_rec_micro;loc_f1_micro;loc_prec_macro;loc_rec_macro;loc_f1_macro;cls_prec_micro;cls_rec_micro;cls_f1_micro;cls_prec_macro;cls_rec_macro;cls_f1_macro;epoch;iteration;global_iteration
67.79026217228464;65.10791366906474;66.42201834862385;46.54471927019656;43.10875034945486;43.768874785505254;77.52808988764045;74.46043165467626;75.96330275229357;77.52808988764045;74.46043165467626;75.96330275229357;87.43961352657004;65.10791366906474;74.63917525773196;66.39771187716393;43.10875034945486;50.97076275902498;0;0;0
