ner_prec_micro;ner_rec_micro;ner_f1_micro;ner_prec_macro;ner_rec_macro;ner_f1_macro;loc_prec_micro;loc_rec_micro;loc_f1_micro;loc_prec_macro;loc_rec_macro;loc_f1_macro;cls_prec_micro;cls_rec_micro;cls_f1_micro;cls_prec_macro;cls_rec_macro;cls_f1_macro;epoch;iteration;global_iteration
72.3342939481268;72.7536231884058;72.54335260115607;73.14144455315139;69.48734780939054;69.95207439677729;76.0806916426513;76.52173913043478;76.30057803468208;76.0806916426513;76.52173913043478;76.30057803468208;95.07575757575758;72.7536231884058;82.43021346469624;97.56231003039514;69.48734780939054;79.71217918385447;0;0;0
