{"best_model": "checkpoint-final", "r": 0.38311688311688313, "p": 0.427536231884058, "f1": 0.4041095890410959}