ner_prec_micro;ner_rec_micro;ner_f1_micro;ner_prec_macro;ner_rec_macro;ner_f1_macro;loc_prec_micro;loc_rec_micro;loc_f1_micro;loc_prec_macro;loc_rec_macro;loc_f1_macro;cls_prec_micro;cls_rec_micro;cls_f1_micro;cls_prec_macro;cls_rec_macro;cls_f1_macro;epoch;iteration;global_iteration
63.231197771587745;65.22988505747126;64.21499292786422;49.56607626700124;45.80761548869274;46.91339715037668;67.40947075208913;69.54022988505747;68.45827439886847;67.40947075208913;69.54022988505747;68.45827439886847;93.80165289256198;65.22988505747126;76.94915254237287;67.1835326019968;45.80761548869274;54.314888003949534;0;0;0
