{"best_model": "checkpoint-5000", "r": 0.21226415094339623, "p": 0.45454545454545453, "f1": 0.28938906752411575}