{"dev_best_f1": 0, "f1_": 0.6655518394648829, "f1_with_ner_": 0.6555183946488294, "ner_f1_": 0.927536231884058}