{"dev_best_f1": 0.7146131805157593, "f1_": 0.6447368421052632, "f1_with_ner_": 0.638157894736842, "ner_f1_": 0.9072463768115943}