{"best_model": "checkpoint-12500", "r": 0.352112676056338, "p": 0.3333333333333333, "f1": 0.34246575342465757}