{"best_model": "checkpoint-7500", "r": 0.3705357142857143, "p": 0.2842465753424658, "f1": 0.32170542635658916}