{"best_model": "checkpoint-12500", "r": 0.3466135458167331, "p": 0.26443768996960487, "f1": 0.3}