ner_prec_micro;ner_rec_micro;ner_f1_micro;ner_prec_macro;ner_rec_macro;ner_f1_macro;loc_prec_micro;loc_rec_micro;loc_f1_micro;loc_prec_macro;loc_rec_macro;loc_f1_macro;cls_prec_micro;cls_rec_micro;cls_f1_micro;cls_prec_macro;cls_rec_macro;cls_f1_macro;epoch;iteration;global_iteration
74.36548223350253;84.19540229885058;78.97574123989219;72.27561847389458;76.56153516536224;73.49095647921116;74.36548223350253;84.19540229885058;78.97574123989219;74.36548223350253;84.19540229885058;78.97574123989219;100.0;84.19540229885058;91.41965678627145;100.0;76.56153516536224;85.48845756048725;0;0;0
