{"dev_best_f1": 0.6608941509100547, "f1_": 0.5919117647058824, "f1_with_ner_": 0.5882352941176471, "ner_f1_": 0.9594202898550724}