{"best_model": "checkpoint-12500", "r": 0.45454545454545453, "p": 0.33980582524271846, "f1": 0.3888888888888889}