{"dev_best_f1": 0.7124557956777997, "f1_": 0.6873977086743045, "f1_with_ner_": 0.6841243862520459, "ner_f1_": 0.936231884057971}