ner_prec_micro;ner_rec_micro;ner_f1_micro;ner_prec_macro;ner_rec_macro;ner_f1_macro;loc_prec_micro;loc_rec_micro;loc_f1_micro;loc_prec_macro;loc_rec_macro;loc_f1_macro;cls_prec_micro;cls_rec_micro;cls_f1_micro;cls_prec_macro;cls_rec_macro;cls_f1_macro;epoch;iteration;global_iteration
66.56976744186046;72.92993630573248;69.6048632218845;67.6136747630489;70.63369021705445;68.38770385519214;68.6046511627907;75.15923566878982;71.73252279635258;68.6046511627907;75.15923566878982;71.73252279635258;97.03389830508475;72.92993630573248;83.27272727272728;98.55072463768117;70.63369021705445;80.82255610470652;0;0;0
