ner_prec_micro;ner_rec_micro;ner_f1_micro;ner_prec_macro;ner_rec_macro;ner_f1_macro;loc_prec_micro;loc_rec_micro;loc_f1_micro;loc_prec_macro;loc_rec_macro;loc_f1_macro;cls_prec_micro;cls_rec_micro;cls_f1_micro;cls_prec_macro;cls_rec_macro;cls_f1_macro;epoch;iteration;global_iteration
70.68493150684931;82.16560509554141;75.99410898379972;56.42101733826112;65.24249361783649;60.235320205490424;71.78082191780823;83.43949044585987;77.17231222385863;71.78082191780823;83.43949044585987;77.17231222385863;98.47328244274809;82.16560509554141;89.58333333333333;83.04321728691477;65.24249361783649;72.61030079156228;0;0;0
