{"dev_best_f1": 0.7127550271539703, "f1_": 0.6687116564417179, "f1_with_ner_": 0.6533742331288344, "ner_f1_": 0.9609375}