{"dev_best_f1": 0.6700955180014695, "f1_": 0.6485671191553545, "f1_with_ner_": 0.6425339366515838, "ner_f1_": 0.9635416666666666}