ner_prec_micro;ner_rec_micro;ner_f1_micro;ner_prec_macro;ner_rec_macro;ner_f1_macro;loc_prec_micro;loc_rec_micro;loc_f1_micro;loc_prec_macro;loc_rec_macro;loc_f1_macro;cls_prec_micro;cls_rec_micro;cls_f1_micro;cls_prec_macro;cls_rec_macro;cls_f1_macro;epoch;iteration;global_iteration
65.27777777777779;67.62589928057554;66.43109540636041;57.884965191303216;55.60829394643382;56.087277422938385;70.83333333333334;73.38129496402878;72.08480565371025;70.83333333333334;73.38129496402878;72.08480565371025;92.15686274509804;67.62589928057554;78.00829875518671;95.32163742690058;55.60829394643382;67.64759433214009;0;0;0
