{"best_model": "checkpoint-final", "r": 0.24675324675324675, "p": 0.41304347826086957, "f1": 0.3089430894308943}