ner_prec_micro;ner_rec_micro;ner_f1_micro;ner_prec_macro;ner_rec_macro;ner_f1_macro;loc_prec_micro;loc_rec_micro;loc_f1_micro;loc_prec_macro;loc_rec_macro;loc_f1_macro;cls_prec_micro;cls_rec_micro;cls_f1_micro;cls_prec_macro;cls_rec_macro;cls_f1_macro;epoch;iteration;global_iteration
63.92045454545454;64.65517241379311;64.28571428571428;47.286716282218535;47.9002846118367;47.380037011873945;66.19318181818183;66.95402298850574;66.57142857142858;66.19318181818183;66.95402298850574;66.57142857142858;96.56652360515021;64.65517241379311;77.45266781411361;76.39455782312926;47.9002846118367;57.9057652983467;0;0;0
