{"dev_best_f1": 0.696028880866426, "f1_": 0.6666666666666666, "f1_with_ner_": 0.6593806921675774, "ner_f1_": 0.945859872611465}