{"best_model": "checkpoint-5000", "r": 0.24302788844621515, "p": 0.24897959183673468, "f1": 0.24596774193548387}