{"best_model": "checkpoint-10000", "r": 0.30660377358490565, "p": 0.3080568720379147, "f1": 0.3073286052009457}