{"best_model": "checkpoint-800", "r": 0.5613207547169812, "p": 0.31151832460732987, "f1": 0.4006734006734007}