{"dev_best_f1": 0, "f1_": 0.6277665995975855, "f1_with_ner_": 0.6197183098591549, "ner_f1_": 0.8633093525179856}