ner_prec_micro;ner_rec_micro;ner_f1_micro;ner_prec_macro;ner_rec_macro;ner_f1_macro;loc_prec_micro;loc_rec_micro;loc_f1_micro;loc_prec_macro;loc_rec_macro;loc_f1_macro;cls_prec_micro;cls_rec_micro;cls_f1_micro;cls_prec_macro;cls_rec_macro;cls_f1_macro;epoch;iteration;global_iteration
65.4275092936803;63.30935251798561;64.35100548446069;47.36402895694931;41.58034212242936;43.28056433994495;73.23420074349443;70.86330935251799;72.02925045703839;73.23420074349443;70.86330935251799;72.02925045703839;89.34010152284264;63.30935251798561;74.10526315789473;77.63075722092117;41.58034212242936;50.14060041671983;0;0;0
