{"dev_best_f1": 0.6941614103186156, "f1_": 0.7626582278481013, "f1_with_ner_": 0.7405063291139241, "ner_f1_": 0.9396551724137931}