ner_prec_micro;ner_rec_micro;ner_f1_micro;ner_prec_macro;ner_rec_macro;ner_f1_macro;loc_prec_micro;loc_rec_micro;loc_f1_micro;loc_prec_macro;loc_rec_macro;loc_f1_macro;cls_prec_micro;cls_rec_micro;cls_f1_micro;cls_prec_macro;cls_rec_macro;cls_f1_macro;epoch;iteration;global_iteration
62.315270935960584;72.70114942528735;67.10875331564988;60.4510794337613;60.9541808691348;59.23338979854355;65.02463054187191;75.86206896551724;70.026525198939;65.02463054187191;75.86206896551724;70.026525198939;95.83333333333334;72.70114942528735;82.67973856209152;85.14555619818778;60.9541808691348;70.848200949205;0;0;0
