{"dev_best_f1": 0.9615384615384616, "f1_": 0.8363636363636364, "f1_with_ner_": 0.8242424242424243, "ner_f1_": 0.985632183908046}