{"best_model": "checkpoint-5000", "r": 0.18326693227091634, "p": 0.45544554455445546, "f1": 0.26136363636363635}