{"dev_best_f1": 0.7094200675053698, "f1_": 0.7001733102253033, "f1_with_ner_": 0.6793760831889081, "ner_f1_": 0.9331210191082803}