{"dev_best_f1": 0.7213850493213444, "f1_": 0.7392055267702936, "f1_with_ner_": 0.7322970639032815, "ner_f1_": 0.9554140127388535}