{"dev_best_f1": 0.8098434004474274, "f1_": 0.8365817091454273, "f1_with_ner_": 0.8365817091454273, "ner_f1_": 0.9855072463768116}