{"dev_best_f1": 0.8388429752066117, "f1_": 0.9140767824497258, "f1_with_ner_": 0.9067641681901278, "ner_f1_": 0.974820143884892}