{"best_model": "checkpoint-7500", "r": 0.08450704225352113, "p": 0.23684210526315788, "f1": 0.12456747404844291}