{"dev_best_f1": 0, "f1_": 0.6758620689655173, "f1_with_ner_": 0.6689655172413793, "ner_f1_": 0.9331210191082803}