ner_prec_micro;ner_rec_micro;ner_f1_micro;ner_prec_macro;ner_rec_macro;ner_f1_macro;loc_prec_micro;loc_rec_micro;loc_f1_micro;loc_prec_macro;loc_rec_macro;loc_f1_macro;cls_prec_micro;cls_rec_micro;cls_f1_micro;cls_prec_macro;cls_rec_macro;cls_f1_macro;epoch;iteration;global_iteration
64.45012787723785;72.41379310344827;68.2002706359946;65.23256336668804;60.00061360798428;61.360791446715254;66.49616368286445;74.71264367816092;70.36535859269283;66.49616368286445;74.71264367816092;70.36535859269283;96.92307692307692;72.41379310344827;82.89473684210526;90.5244122965642;60.00061360798428;71.52027925770335;0;0;0
