ner_prec_micro;ner_rec_micro;ner_f1_micro;ner_prec_macro;ner_rec_macro;ner_f1_macro;loc_prec_micro;loc_rec_micro;loc_f1_micro;loc_prec_macro;loc_rec_macro;loc_f1_macro;cls_prec_micro;cls_rec_micro;cls_f1_micro;cls_prec_macro;cls_rec_macro;cls_f1_macro;epoch;iteration;global_iteration
68.88888888888889;66.90647482014388;67.88321167883211;45.914954610606785;44.50677206715419;44.73593199820431;74.44444444444444;72.3021582733813;73.35766423357664;74.44444444444444;72.3021582733813;73.35766423357664;92.53731343283582;66.90647482014388;77.66179540709813;67.85353535353535;44.50677206715419;52.964888154085266;0;0;0
