{"best_model": "checkpoint-final", "r": 0.07171314741035857, "p": 0.17647058823529413, "f1": 0.1019830028328612}