ner_prec_micro;ner_rec_micro;ner_f1_micro;ner_prec_macro;ner_rec_macro;ner_f1_macro;loc_prec_micro;loc_rec_micro;loc_f1_micro;loc_prec_macro;loc_rec_macro;loc_f1_macro;cls_prec_micro;cls_rec_micro;cls_f1_micro;cls_prec_macro;cls_rec_macro;cls_f1_macro;epoch;iteration;global_iteration
68.13880126182966;62.60869565217392;65.25679758308158;50.81605351170568;40.88601291757698;44.29375272183038;73.50157728706624;67.53623188405797;70.39274924471299;73.50157728706624;67.53623188405797;70.39274924471299;92.7038626609442;62.60869565217392;74.74048442906575;66.31583694083695;40.88601291757698;49.714148569028524;0;0;0
