ner_prec_micro;ner_rec_micro;ner_f1_micro;ner_prec_macro;ner_rec_macro;ner_f1_macro;loc_prec_micro;loc_rec_micro;loc_f1_micro;loc_prec_macro;loc_rec_macro;loc_f1_macro;cls_prec_micro;cls_rec_micro;cls_f1_micro;cls_prec_macro;cls_rec_macro;cls_f1_macro;epoch;iteration;global_iteration
66.66666666666666;71.97452229299363;69.21898928024503;64.65983682149098;66.11652816449319;65.00537469247493;69.91150442477876;75.47770700636943;72.58805513016846;69.91150442477876;75.47770700636943;72.58805513016846;95.35864978902954;71.97452229299363;82.03266787658802;93.27601410934744;66.11652816449319;75.30105392767487;0;0;0
